{"schemaVersion":"1.0","appDefinitionTemplate":{"id":"/providers/Microsoft.PowerApps/apps/","type":"Microsoft.PowerApps/apps","tags":{"primaryDeviceWidth":"1366","primaryDeviceHeight":"768","sienaVersion":"20211122T035003Z-3.21111.36.0","deviceCapabilities":"","supportsPortrait":"true","supportsLandscape":"true","primaryFormFactor":"Tablet","publisherVersion":"3.21111.36","minimumRequiredApiVersion":"2.2.0","hasComponent":"false","hasUnlockedComponent":"false","isUnifiedRootApp":"false"},"properties":{"appVersion":"2021-11-22T03:50:03Z","lifeCycleId":"Published","createdByClientVersion":{"major":3,"minor":21111,"build":36,"revision":0,"majorRevision":0,"minorRevision":0},"minClientVersion":{"major":3,"minor":21111,"build":36,"revision":0,"majorRevision":0,"minorRevision":0},"backgroundColor":"rgba(0, 176, 240, 1)","backgroundImageUri":"/11357736569514681201/Nca30d9fd-e833-4092-923c-a1cdf7470782-logoSmallFile","displayName":"Prod - Advent Calendar","description":"","commitMessage":"","appUris":{"documentUri":{"value":"/11357736569514681201/N473c4eae-d764-49be-867d-66a881c8cf93-document.msapp"},"imageUris":[]},"createdTime":"0001-01-01T00:00:00Z","lastModifiedTime":"0001-01-01T00:00:00Z","sharedGroupsCount":0,"sharedUsersCount":0,"icons":{"smallIconUri":"/11357736569514681201/N363105a4-2c47-4f65-a5dc-94f10ca85b79-small.png","mediumIconUri":"/11357736569514681201/N4afc1cba-71b0-4362-ab5d-000e76aaceda-medium.png","largeIconUri":"/11357736569514681201/N12e59d4d-46ef-4fef-9b70-278fe6c0391f-large.png","wideIconUri":"/11357736569514681201/Naf986815-1b38-4766-9e71-3e6539aa496c-wide.png"},"connectionReferences":{},"databaseReferences":{},"almMode":"Environment","performanceOptimizationEnabled":true,"canConsumeAppPass":true,"executionRestrictions":{"isTeamsOnly":false,"dataLossPreventionEvaluationResult":{"status":"Compliant","lastEvaluationDate":"2021-11-22T03:50:20.2728727Z","violations":[],"violationsByPolicy":[],"violationErrorMessage":"The app uses the following connectors: ."}}},"appType":"ClassicCanvasApp","appComponents":[]}}